<?xml version="1.0" encoding="UTF-8"?>
<configuration>

    <appender name="STDOUT" class="ch.qos.logback.core.ConsoleAppender">
        <encoder>
            <!--<Pattern>%d{HH:mm:ss.SSS} [%thread] %-5level %logger{36} - %msg%n</Pattern>-->
            <Pattern>%d{HH:mm:ss.SSS} %level %logger{24} - %msg%n</Pattern>
        </encoder>
    </appender>

    <logger name="com.dongnaoedu" level="debug" />
    <logger name="org.springframework">
        <level value="error" />
        <additivity value="false" />
    </logger>

    <root level="debug">
        <appender-ref ref="STDOUT" />
    </root>

</configuration>